-- INSERTS CORREGIDOS SEGÚN ESPECIFICACIONES

INSERT IGNORE INTO ArticulosSimple (ID_Art, Titulo, FechaEnvio, Resumen, ID_Topico_Especialidad) VALUES (1, 'Algoritmos para cifrado cuántico', '2024-07-18', 'Resumen de algoritmos para cifrado cuántico.', 16);
INSERT IGNORE INTO ArticulosSimple (ID_Art, Titulo, FechaEnvio, Resumen, ID_Topico_Especialidad) VALUES (2, 'Interfaces accesibles en apps', '2024-06-26', 'Resumen de interfaces accesibles en apps.', 15);
INSERT IGNORE INTO ArticulosSimple (ID_Art, Titulo, FechaEnvio, Resumen, ID_Topico_Especialidad) VALUES (3, 'RA en videojuegos educativos', '2024-08-19', 'Resumen de ra en videojuegos educativos.', 8);
INSERT IGNORE INTO ArticulosSimple (ID_Art, Titulo, FechaEnvio, Resumen, ID_Topico_Especialidad) VALUES (4, 'Robótica colaborativa en fábricas', '2024-05-18', 'Resumen de robótica colaborativa en fábricas.', 20);
INSERT IGNORE INTO ArticulosSimple (ID_Art, Titulo, FechaEnvio, Resumen, ID_Topico_Especialidad) VALUES (5, 'Compresión de imágenes médicas', '2024-11-23', 'Resumen de compresión de imágenes médicas.', 6);
INSERT IGNORE INTO ArticulosSimple (ID_Art, Titulo, FechaEnvio, Resumen, ID_Topico_Especialidad) VALUES (6, 'Interfaces accesibles en apps', '2024-11-28', 'Resumen de interfaces accesibles en apps.', 7);
INSERT IGNORE INTO ArticulosSimple (ID_Art, Titulo, FechaEnvio, Resumen, ID_Topico_Especialidad) VALUES (7, 'Gestión de Recursos en la Nube', '2024-10-23', 'Resumen de gestión de recursos en la nube.', 15);
INSERT IGNORE INTO ArticulosSimple (ID_Art, Titulo, FechaEnvio, Resumen, ID_Topico_Especialidad) VALUES (8, 'Ingeniería de Software Ágil', '2024-03-11', 'Resumen de ingeniería de software ágil.', 11);
INSERT IGNORE INTO ArticulosSimple (ID_Art, Titulo, FechaEnvio, Resumen, ID_Topico_Especialidad) VALUES (9, 'Visualización de datos científicos', '2024-12-05', 'Resumen de visualización de datos científicos.', 15);
INSERT IGNORE INTO ArticulosSimple (ID_Art, Titulo, FechaEnvio, Resumen, ID_Topico_Especialidad) VALUES (10, 'Patrones de diseño en Software Educativo', '2024-04-22', 'Resumen de patrones de diseño en software educativo.', 15);
INSERT IGNORE INTO ArticulosSimple (ID_Art, Titulo, FechaEnvio, Resumen, ID_Topico_Especialidad) VALUES (11, 'RA en videojuegos educativos', '2024-02-25', 'Resumen de ra en videojuegos educativos.', 13);
INSERT IGNORE INTO ArticulosSimple (ID_Art, Titulo, FechaEnvio, Resumen, ID_Topico_Especialidad) VALUES (12, 'Algoritmos para cifrado cuántico', '2024-02-14', 'Resumen de algoritmos para cifrado cuántico.', 14);
INSERT IGNORE INTO ArticulosSimple (ID_Art, Titulo, FechaEnvio, Resumen, ID_Topico_Especialidad) VALUES (13, 'Asistentes virtuales con NLP', '2024-03-10', 'Resumen de asistentes virtuales con nlp.', 8);
INSERT IGNORE INTO ArticulosSimple (ID_Art, Titulo, FechaEnvio, Resumen, ID_Topico_Especialidad) VALUES (14, 'Ontologías para datos médicos', '2024-02-01', 'Resumen de ontologías para datos médicos.', 13);
INSERT IGNORE INTO ArticulosSimple (ID_Art, Titulo, FechaEnvio, Resumen, ID_Topico_Especialidad) VALUES (15, 'Orquestación de microservicios', '2024-11-01', 'Resumen de orquestación de microservicios.', 1);
INSERT IGNORE INTO ArticulosSimple (ID_Art, Titulo, FechaEnvio, Resumen, ID_Topico_Especialidad) VALUES (16, 'Bases de datos NoSQL para e-commerce', '2024-03-14', 'Resumen de bases de datos nosql para e-commerce.', 10);
INSERT IGNORE INTO ArticulosSimple (ID_Art, Titulo, FechaEnvio, Resumen, ID_Topico_Especialidad) VALUES (17, 'Reconocimiento facial con OpenCV', '2024-01-28', 'Resumen de reconocimiento facial con opencv.', 20);
INSERT IGNORE INTO ArticulosSimple (ID_Art, Titulo, FechaEnvio, Resumen, ID_Topico_Especialidad) VALUES (18, 'Gestión de Proyectos Ágiles', '2024-06-08', 'Resumen de gestión de proyectos ágiles.', 14);
INSERT IGNORE INTO ArticulosSimple (ID_Art, Titulo, FechaEnvio, Resumen, ID_Topico_Especialidad) VALUES (19, 'Asistentes virtuales con NLP', '2024-02-04', 'Resumen de asistentes virtuales con nlp.', 13);
INSERT IGNORE INTO ArticulosSimple (ID_Art, Titulo, FechaEnvio, Resumen, ID_Topico_Especialidad) VALUES (20, 'Lenguajes para IA comparados', '2024-08-27', 'Resumen de lenguajes para ia comparados.', 3);
INSERT IGNORE INTO ArticulosSimple (ID_Art, Titulo, FechaEnvio, Resumen, ID_Topico_Especialidad) VALUES (21, 'Robótica colaborativa en fábricas', '2024-02-11', 'Resumen de robótica colaborativa en fábricas.', 10);
INSERT IGNORE INTO ArticulosSimple (ID_Art, Titulo, FechaEnvio, Resumen, ID_Topico_Especialidad) VALUES (22, 'Redes vehiculares inteligentes', '2024-12-20', 'Resumen de redes vehiculares inteligentes.', 10);
INSERT IGNORE INTO ArticulosSimple (ID_Art, Titulo, FechaEnvio, Resumen, ID_Topico_Especialidad) VALUES (23, 'Predicción de fallas con ML', '2024-03-19', 'Resumen de predicción de fallas con ml.', 6);
INSERT IGNORE INTO ArticulosSimple (ID_Art, Titulo, FechaEnvio, Resumen, ID_Topico_Especialidad) VALUES (24, 'Bases de datos NoSQL para e-commerce', '2024-03-21', 'Resumen de bases de datos nosql para e-commerce.', 20);
INSERT IGNORE INTO ArticulosSimple (ID_Art, Titulo, FechaEnvio, Resumen, ID_Topico_Especialidad) VALUES (25, 'Visualización de datos científicos', '2024-03-19', 'Resumen de visualización de datos científicos.', 6);
INSERT IGNORE INTO ArticulosSimple (ID_Art, Titulo, FechaEnvio, Resumen, ID_Topico_Especialidad) VALUES (26, 'Ingeniería de Software Ágil', '2024-04-12', 'Resumen de ingeniería de software ágil.', 1);
INSERT IGNORE INTO ArticulosSimple (ID_Art, Titulo, FechaEnvio, Resumen, ID_Topico_Especialidad) VALUES (27, 'DevOps en proyectos académicos', '2024-06-25', 'Resumen de devops en proyectos académicos.', 13);
INSERT IGNORE INTO ArticulosSimple (ID_Art, Titulo, FechaEnvio, Resumen, ID_Topico_Especialidad) VALUES (28, 'Estudio de algoritmos genéticos', '2024-06-12', 'Resumen de estudio de algoritmos genéticos.', 3);
INSERT IGNORE INTO ArticulosSimple (ID_Art, Titulo, FechaEnvio, Resumen, ID_Topico_Especialidad) VALUES (29, 'Orquestación de microservicios', '2024-10-08', 'Resumen de orquestación de microservicios.', 20);
INSERT IGNORE INTO ArticulosSimple (ID_Art, Titulo, FechaEnvio, Resumen, ID_Topico_Especialidad) VALUES (30, 'Lenguajes para IA comparados', '2024-05-06', 'Resumen de lenguajes para ia comparados.', 15);
INSERT IGNORE INTO ArticulosSimple (ID_Art, Titulo, FechaEnvio, Resumen, ID_Topico_Especialidad) VALUES (31, 'Redes vehiculares inteligentes', '2024-12-19', 'Resumen de redes vehiculares inteligentes.', 20);
INSERT IGNORE INTO ArticulosSimple (ID_Art, Titulo, FechaEnvio, Resumen, ID_Topico_Especialidad) VALUES (32, 'Clasificación de texto con BERT', '2024-10-21', 'Resumen de clasificación de texto con bert.', 12);
INSERT IGNORE INTO ArticulosSimple (ID_Art, Titulo, FechaEnvio, Resumen, ID_Topico_Especialidad) VALUES (33, 'Reconocimiento facial con OpenCV', '2024-01-16', 'Resumen de reconocimiento facial con opencv.', 6);
INSERT IGNORE INTO ArticulosSimple (ID_Art, Titulo, FechaEnvio, Resumen, ID_Topico_Especialidad) VALUES (34, 'Ontologías para datos médicos', '2024-11-16', 'Resumen de ontologías para datos médicos.', 19);
INSERT IGNORE INTO ArticulosSimple (ID_Art, Titulo, FechaEnvio, Resumen, ID_Topico_Especialidad) VALUES (35, 'Gestión de Proyectos Ágiles', '2024-06-24', 'Resumen de gestión de proyectos ágiles.', 17);
INSERT IGNORE INTO ArticulosSimple (ID_Art, Titulo, FechaEnvio, Resumen, ID_Topico_Especialidad) VALUES (36, 'Redes vehiculares inteligentes', '2024-01-08', 'Resumen de redes vehiculares inteligentes.', 12);
INSERT IGNORE INTO ArticulosSimple (ID_Art, Titulo, FechaEnvio, Resumen, ID_Topico_Especialidad) VALUES (37, 'Ontologías para datos médicos', '2024-12-08', 'Resumen de ontologías para datos médicos.', 10);
INSERT IGNORE INTO ArticulosSimple (ID_Art, Titulo, FechaEnvio, Resumen, ID_Topico_Especialidad) VALUES (38, 'DevOps en proyectos académicos', '2024-03-21', 'Resumen de devops en proyectos académicos.', 5);
INSERT IGNORE INTO ArticulosSimple (ID_Art, Titulo, FechaEnvio, Resumen, ID_Topico_Especialidad) VALUES (39, 'Optimización de redes IoT', '2024-03-15', 'Resumen de optimización de redes iot.', 11);
INSERT IGNORE INTO ArticulosSimple (ID_Art, Titulo, FechaEnvio, Resumen, ID_Topico_Especialidad) VALUES (40, 'Blockchain para logística', '2024-04-10', 'Resumen de blockchain para logística.', 8);
INSERT IGNORE INTO ArticulosSimple (ID_Art, Titulo, FechaEnvio, Resumen, ID_Topico_Especialidad) VALUES (41, 'Estudio de algoritmos genéticos', '2024-08-06', 'Resumen de estudio de algoritmos genéticos.', 9);
INSERT IGNORE INTO ArticulosSimple (ID_Art, Titulo, FechaEnvio, Resumen, ID_Topico_Especialidad) VALUES (42, 'Sistemas embebidos en domótica', '2024-08-28', 'Resumen de sistemas embebidos en domótica.', 10);
INSERT IGNORE INTO ArticulosSimple (ID_Art, Titulo, FechaEnvio, Resumen, ID_Topico_Especialidad) VALUES (43, 'Blockchain para logística', '2024-12-25', 'Resumen de blockchain para logística.', 19);
INSERT IGNORE INTO ArticulosSimple (ID_Art, Titulo, FechaEnvio, Resumen, ID_Topico_Especialidad) VALUES (44, 'Estudio de algoritmos genéticos', '2024-01-01', 'Resumen de estudio de algoritmos genéticos.', 5);
INSERT IGNORE INTO ArticulosSimple (ID_Art, Titulo, FechaEnvio, Resumen, ID_Topico_Especialidad) VALUES (45, 'Gestión de Recursos en la Nube', '2024-03-16', 'Resumen de gestión de recursos en la nube.', 20);
INSERT IGNORE INTO ArticulosSimple (ID_Art, Titulo, FechaEnvio, Resumen, ID_Topico_Especialidad) VALUES (46, 'Patrones de diseño en Software Educativo', '2024-01-25', 'Resumen de patrones de diseño en software educativo.', 17);
INSERT IGNORE INTO ArticulosSimple (ID_Art, Titulo, FechaEnvio, Resumen, ID_Topico_Especialidad) VALUES (47, 'Predicción de fallas con ML', '2024-11-21', 'Resumen de predicción de fallas con ml.', 17);
INSERT IGNORE INTO ArticulosSimple (ID_Art, Titulo, FechaEnvio, Resumen, ID_Topico_Especialidad) VALUES (48, 'Compresión de imágenes médicas', '2024-07-15', 'Resumen de compresión de imágenes médicas.', 6);
INSERT IGNORE INTO ArticulosSimple (ID_Art, Titulo, FechaEnvio, Resumen, ID_Topico_Especialidad) VALUES (49, 'Clasificación de texto con BERT', '2024-04-27', 'Resumen de clasificación de texto con bert.', 18);
INSERT IGNORE INTO ArticulosSimple (ID_Art, Titulo, FechaEnvio, Resumen, ID_Topico_Especialidad) VALUES (50, 'Blockchain para logística', '2024-04-03', 'Resumen de blockchain para logística.', 13);

INSERT IGNORE INTO Articulo_Topico (ID_Art, ID_topico_especialidad) VALUES (1, 16);
INSERT IGNORE INTO Articulo_Topico (ID_Art, ID_topico_especialidad) VALUES (2, 15);
INSERT IGNORE INTO Articulo_Topico (ID_Art, ID_topico_especialidad) VALUES (3, 8);
INSERT IGNORE INTO Articulo_Topico (ID_Art, ID_topico_especialidad) VALUES (4, 20);
INSERT IGNORE INTO Articulo_Topico (ID_Art, ID_topico_especialidad) VALUES (5, 6);
INSERT IGNORE INTO Articulo_Topico (ID_Art, ID_topico_especialidad) VALUES (6, 7);
INSERT IGNORE INTO Articulo_Topico (ID_Art, ID_topico_especialidad) VALUES (7, 15);
INSERT IGNORE INTO Articulo_Topico (ID_Art, ID_topico_especialidad) VALUES (8, 11);
INSERT IGNORE INTO Articulo_Topico (ID_Art, ID_topico_especialidad) VALUES (9, 15);
INSERT IGNORE INTO Articulo_Topico (ID_Art, ID_topico_especialidad) VALUES (10, 15);
INSERT IGNORE INTO Articulo_Topico (ID_Art, ID_topico_especialidad) VALUES (11, 13);
INSERT IGNORE INTO Articulo_Topico (ID_Art, ID_topico_especialidad) VALUES (12, 14);
INSERT IGNORE INTO Articulo_Topico (ID_Art, ID_topico_especialidad) VALUES (13, 8);
INSERT IGNORE INTO Articulo_Topico (ID_Art, ID_topico_especialidad) VALUES (14, 13);
INSERT IGNORE INTO Articulo_Topico (ID_Art, ID_topico_especialidad) VALUES (15, 1);
INSERT IGNORE INTO Articulo_Topico (ID_Art, ID_topico_especialidad) VALUES (16, 10);
INSERT IGNORE INTO Articulo_Topico (ID_Art, ID_topico_especialidad) VALUES (17, 20);
INSERT IGNORE INTO Articulo_Topico (ID_Art, ID_topico_especialidad) VALUES (18, 14);
INSERT IGNORE INTO Articulo_Topico (ID_Art, ID_topico_especialidad) VALUES (19, 13);
INSERT IGNORE INTO Articulo_Topico (ID_Art, ID_topico_especialidad) VALUES (20, 3);
INSERT IGNORE INTO Articulo_Topico (ID_Art, ID_topico_especialidad) VALUES (21, 10);
INSERT IGNORE INTO Articulo_Topico (ID_Art, ID_topico_especialidad) VALUES (22, 10);
INSERT IGNORE INTO Articulo_Topico (ID_Art, ID_topico_especialidad) VALUES (23, 6);
INSERT IGNORE INTO Articulo_Topico (ID_Art, ID_topico_especialidad) VALUES (24, 20);
INSERT IGNORE INTO Articulo_Topico (ID_Art, ID_topico_especialidad) VALUES (25, 6);
INSERT IGNORE INTO Articulo_Topico (ID_Art, ID_topico_especialidad) VALUES (26, 1);
INSERT IGNORE INTO Articulo_Topico (ID_Art, ID_topico_especialidad) VALUES (27, 13);
INSERT IGNORE INTO Articulo_Topico (ID_Art, ID_topico_especialidad) VALUES (28, 3);
INSERT IGNORE INTO Articulo_Topico (ID_Art, ID_topico_especialidad) VALUES (29, 20);
INSERT IGNORE INTO Articulo_Topico (ID_Art, ID_topico_especialidad) VALUES (30, 15);
INSERT IGNORE INTO Articulo_Topico (ID_Art, ID_topico_especialidad) VALUES (31, 20);
INSERT IGNORE INTO Articulo_Topico (ID_Art, ID_topico_especialidad) VALUES (32, 12);
INSERT IGNORE INTO Articulo_Topico (ID_Art, ID_topico_especialidad) VALUES (33, 6);
INSERT IGNORE INTO Articulo_Topico (ID_Art, ID_topico_especialidad) VALUES (34, 19);
INSERT IGNORE INTO Articulo_Topico (ID_Art, ID_topico_especialidad) VALUES (35, 17);
INSERT IGNORE INTO Articulo_Topico (ID_Art, ID_topico_especialidad) VALUES (36, 12);
INSERT IGNORE INTO Articulo_Topico (ID_Art, ID_topico_especialidad) VALUES (37, 10);
INSERT IGNORE INTO Articulo_Topico (ID_Art, ID_topico_especialidad) VALUES (38, 5);
INSERT IGNORE INTO Articulo_Topico (ID_Art, ID_topico_especialidad) VALUES (39, 11);
INSERT IGNORE INTO Articulo_Topico (ID_Art, ID_topico_especialidad) VALUES (40, 8);
INSERT IGNORE INTO Articulo_Topico (ID_Art, ID_topico_especialidad) VALUES (41, 9);
INSERT IGNORE INTO Articulo_Topico (ID_Art, ID_topico_especialidad) VALUES (42, 10);
INSERT IGNORE INTO Articulo_Topico (ID_Art, ID_topico_especialidad) VALUES (43, 19);
INSERT IGNORE INTO Articulo_Topico (ID_Art, ID_topico_especialidad) VALUES (44, 5);
INSERT IGNORE INTO Articulo_Topico (ID_Art, ID_topico_especialidad) VALUES (45, 20);
INSERT IGNORE INTO Articulo_Topico (ID_Art, ID_topico_especialidad) VALUES (46, 17);
INSERT IGNORE INTO Articulo_Topico (ID_Art, ID_topico_especialidad) VALUES (47, 17);
INSERT IGNORE INTO Articulo_Topico (ID_Art, ID_topico_especialidad) VALUES (48, 6);
INSERT IGNORE INTO Articulo_Topico (ID_Art, ID_topico_especialidad) VALUES (49, 18);
INSERT IGNORE INTO Articulo_Topico (ID_Art, ID_topico_especialidad) VALUES (50, 13);

INSERT IGNORE INTO Personas (Rut, Nombre, Email, Contraseña, Rol) VALUES 
(10000000, 'Amanda', 'amanda10000000@ejemplo.com', 'f428e24762a9721db5794456813f43871c9585085b1ce45fd7b129eb377159f8', 0),
(10000001, 'Raúl', 'raúl10000001@ejemplo.com', '4ff719a2fa090768394446578708478167b194f6ce5c2cb824a52850d3a87616', 0),
(20000000, 'Revisor1', 'revisor1@mail.com', 'fde2cdd2e70ffd6cf8ce1a04abe718ed47ece723c2d99178fa0dc941ec89ebb1', 1),
(10000002, 'Catalina', 'catalina10000002@ejemplo.com', '50a0ae35b1503162bbcebaacce6d56cb6350a400a884e7f9ff928271454812c8', 0),
(20000001, 'Revisor2', 'revisor2@mail.com', 'a484cd052c2dab00b51d2663bf51cc2fe8e542c486625c52eab92fe9de781298', 1),
(10000003, 'Valentina', 'valentina10000003@ejemplo.com', 'c3063c3e97c6c77fc776e3abebd4f5a0cf48d7357c75ba471df5ed1eec6090d9', 0),
(20000002, 'Revisor3', 'revisor3@mail.com', '6806cc9562264b2f6ea8c44ceafce6e43e478613697ff8d7e127af0143670275', 1),
(10000004, 'Soledad', 'soledad10000004@ejemplo.com', '944e58146fee8b9224fd70aef6344620f034712b7c15a0019b20b5805c658a38', 0),
(10000005, 'Héctor', 'héctor10000005@ejemplo.com', 'cc199ca400bd11740e79112e102d1413398db95a7476cedeea3736df341bba51', 0),
(20000003, 'Revisor4', 'revisor4@mail.com', '5e5217aa9c4cfbc43c2f1822bd577d9cdd56ead1a58acba1c45459174f5cc75c', 1),
(10000006, 'Esteban', 'esteban10000006@ejemplo.com', 'ed55b1a8be19374a49ab446aebdd2ab0bc00779c9f35dcebd473861b7c94fd49', 0),
(20000004, 'Revisor5', 'revisor5@mail.com', 'e2cb1979ac51448e0a685d3b6f7e55c83e5b255f2153b3b2ef2a34eb77c8a18f', 1),
(10000007, 'Camilo', 'camilo10000007@ejemplo.com', 'e7fa6e06c9932b31565e12309caa476b3b5a2549c5dddc63a07ed9fe69db370e', 0),
(10000008, 'Lorena', 'lorena10000008@ejemplo.com', '8c2320ccf5a3c05fc5f40a8cd16ab71c2c8692d65a6d1b93f7302b0d460c1993', 0),
(10000009, 'Elena', 'elena10000009@ejemplo.com', 'b671c9791128498d45650537919b38dc2422dbd80c38c010ab172cd87ee00357', 0),
(10000010, 'Juan', 'juan10000010@ejemplo.com', '3dd4ac4c0a72e84ef3eb89c65ff93e8b87b8be6a4979b52b1c6e35c15c406d0e', 0),
(10000011, 'Fernanda', 'fernanda10000011@ejemplo.com', 'e3161bbd1339b5a2a95a83b6c1c6bb74f3c59d80f3cd7982b40da3e565dcf31b', 0),
(10000012, 'Francisco', 'francisco10000012@ejemplo.com', '0e7b5b67d0f399d20e0f6b028bd7cf9b24dcf6633e10b51f0207f7b57f7a8186', 0),
(10000013, 'Pablo', 'pablo10000013@ejemplo.com', '47d5a39a8aa4704e3c4a9f0a7e81cbd9de063eb3a5a09ed963d264381c1f8c43', 0),
(10000014, 'Isidora', 'isidora10000014@ejemplo.com', 'ea4e7c8b1cf2e3cc057d2c93b471f2091f2746b2186e7d2d4ec176a2547b68a6', 0),
(10000015, 'Matías', 'matias10000015@ejemplo.com', '6456e2138674c4074a14b7d196cd64b28ae27df594d47aaf30c2c37936fda69c', 0),
(10000016, 'Laura', 'laura10000016@ejemplo.com', 'f6fd4b2e33455c0e25670895cf13751955f2e4c5e174879fc339bd39c1595144', 0),
(10000017, 'Diego', 'diego10000017@ejemplo.com', 'c0f3ef663acc3eaec75c6a378e149d6222aa44169f2621e64d9c232f02fc2d1c', 0),
(10000018, 'Sofía', 'sofia10000018@ejemplo.com', 'ea6df45336f80a66a94968a9e5a8df0e23c19cb5d1b3d6a8d30e9b2beac6ae2a', 0),
(10000019, 'Gabriel', 'gabriel10000019@ejemplo.com', 'ad246d2cb5288d130e0a8edc57bc3e848057c46bbf43d3f2c3a1db0fa188ba46', 0),
(10000020, 'Josefa', 'josefa10000020@ejemplo.com', 'c703a3f8fa9f1aa94b205b0fc8b28e9dff4fa2f1ab5b0ad9425c01516006c021', 0),
(10000021, 'Vicente', 'vicente10000021@ejemplo.com', 'e30951e542c0b30538b5e1e496ae85945f9adf49b68167de6e089ed867540f16', 0),
(10000022, 'Daniela', 'daniela10000022@ejemplo.com', '6f76458fa5bb679258e39d151cc23017c6072a4dc2763cf694f001dbf90e216b', 0),
(10000023, 'Agustín', 'agustin10000023@ejemplo.com', '9d2c040bb3853f5b7adbd0e59323ed0a282c2ff33605f51837b0feefae84e3b5', 0),
(10000024, 'Renata', 'renata10000024@ejemplo.com', 'c69e6ea57b31f50b0b059a30096c71aee15e19bc6d3ce137a32824a9df6cb3dc', 0),
(10000025, 'Tomás', 'tomas10000025@ejemplo.com', 'aad2217c94b76b0571e8b66c7423eaa97fcf2c376bc2f746546b7509c0424c24', 0),
(10000026, 'Martina', 'martina10000026@ejemplo.com', 'e1f67e275772da8721b0b62ebfc12c5c7805fa7a09d2041e7c83f9a478cb2828', 0),
(10000027, 'Cristóbal', 'cristobal10000027@ejemplo.com', 'fb7b3ac7e8d9d2ef57b8705cb90a8b4a1c1962e3a99a0160a7e78c21b8bdfc4a', 0),
(10000028, 'Antonia', 'antonia10000028@ejemplo.com', 'ffb0e275cb4a3b7b0e1a3d4f0b8cb473f0e7ef1ac579d9f6d84c1cb52b75c5cc', 0),
(10000029, 'Benjamín', 'benjamin10000029@ejemplo.com', '4de4f3d55cfd3a09f75ab054f0ef77e1e7e4ea28bc9cfb9f64c82c4088cfc3e6', 0),
(10000030, 'Josefina', 'josefina10000030@ejemplo.com', '34bbbe410d83a5ea1876c07f72b6cf2ae7683cc4186e0b599bd0ea4b276e7a44', 0),
(10000031, 'Maximiliano', 'maximiliano10000031@ejemplo.com', '8df479c0d94fd72712336109d08b2fd35d7e38c1ef2166d2a04cfb90ae246fcf', 0),
(10000032, 'Florencia', 'florencia10000032@ejemplo.com', 'e5802dc7b2a6617aa02a6c1e7858c5973bd17d6ed0b8d3ff964e437295cad8ab', 0),
(10000033, 'Simón', 'simon10000033@ejemplo.com', 'f40670f327d78e17635ec860e7a80b3c4be12dd7716714a17b64b18a3f5e7a3a', 0),
(10000034, 'Amanda', 'amanda10000034@ejemplo.com', '79df2353722ae5ef4ed9ff52bb918a49860e4d0e77794b82b31c0d2cb57d6889', 0),
(10000035, 'Felipe', 'felipe10000035@ejemplo.com', 'b6240040ccbe80cc23e0337ef6e51a75c0edaa7a8e4c2ad43cbdb62aa39e90e5', 0),
(10000036, 'Emilia', 'emilia10000036@ejemplo.com', '8c6948a5fe5f020d2eb5e77cb6f85a6ea8882879992ac9c9907b346c58b8016c', 0),
(10000037, 'Gaspar', 'gaspar10000037@ejemplo.com', 'f6172442e0c62f3459b645408c6826a2cd373dd8ce8db0dc1320b0f85b25cb23', 0),
(10000038, 'Julieta', 'julieta10000038@ejemplo.com', '7d6b9a5d447ef5531939a1b3e03a4c837e2bdeeb4eb1f2e53c3743438ec7d4f7', 0),
(10000039, 'Leonardo', 'leonardo10000039@ejemplo.com', 'bbeb78f52e92a2ad314c0a0a293e14a42f84efbf2f1162b701fcdd804e04fc26', 0),
(10000040, 'Alma', 'alma10000040@ejemplo.com', 'b3bcbe02ce2b9e8354eec37be216cb45d0a3d73bc9a0b54b071b123ee64ac1dc', 0);


INSERT IGNORE INTO Participantes (ID_Art, contacto) VALUES
(1, 10000000),
(2, 10000002),
(3, 10000003),
(4, 10000004),
(5, 10000006),
(6, 10000008),
(7, 10000010),
(8, 10000011),
(9, 10000013),
(10, 10000014),
(11, 10000015),
(12, 10000016),
(13, 10000018),
(14, 10000019),
(15, 10000020),
(16, 10000022),
(17, 10000023),
(18, 10000025),
(19, 10000026),
(20, 10000028),
(21, 10000030),
(22, 10000031),
(23, 10000033),
(24, 10000035),
(25, 10000037),
(26, 10000039),
(27, 10000040),
(28, 10000041),
(29, 10000043),
(30, 10000045);


INSERT IGNORE INTO Autores (Rut) VALUES (10000000);
INSERT IGNORE INTO Autores (Rut) VALUES (10000001);
INSERT IGNORE INTO Autores (Rut) VALUES (10000002);
INSERT IGNORE INTO Autores (Rut) VALUES (10000003);
INSERT IGNORE INTO Autores (Rut) VALUES (10000004);
INSERT IGNORE INTO Autores (Rut) VALUES (10000005);
INSERT IGNORE INTO Autores (Rut) VALUES (10000006);
INSERT IGNORE INTO Autores (Rut) VALUES (10000007);
INSERT IGNORE INTO Autores (Rut) VALUES (10000008);
INSERT IGNORE INTO Autores (Rut) VALUES (10000009);
INSERT IGNORE INTO Autores (Rut) VALUES (10000010);
INSERT IGNORE INTO Autores (Rut) VALUES (10000011);
INSERT IGNORE INTO Autores (Rut) VALUES (10000012);
INSERT IGNORE INTO Autores (Rut) VALUES (10000013);
INSERT IGNORE INTO Autores (Rut) VALUES (10000014);
INSERT IGNORE INTO Autores (Rut) VALUES (10000015);
INSERT IGNORE INTO Autores (Rut) VALUES (10000016);
INSERT IGNORE INTO Autores (Rut) VALUES (10000017);
INSERT IGNORE INTO Autores (Rut) VALUES (10000018);
INSERT IGNORE INTO Autores (Rut) VALUES (10000019);
INSERT IGNORE INTO Autores (Rut) VALUES (10000020);
INSERT IGNORE INTO Autores (Rut) VALUES (10000021);
INSERT IGNORE INTO Autores (Rut) VALUES (10000022);
INSERT IGNORE INTO Autores (Rut) VALUES (10000023);
INSERT IGNORE INTO Autores (Rut) VALUES (10000024);
INSERT IGNORE INTO Autores (Rut) VALUES (10000025);
INSERT IGNORE INTO Autores (Rut) VALUES (10000026);
INSERT IGNORE INTO Autores (Rut) VALUES (10000027);
INSERT IGNORE INTO Autores (Rut) VALUES (10000028);
INSERT IGNORE INTO Autores (Rut) VALUES (10000029);
INSERT IGNORE INTO Autores (Rut) VALUES (10000030);
INSERT IGNORE INTO Autores (Rut) VALUES (10000031);
INSERT IGNORE INTO Autores (Rut) VALUES (10000032);
INSERT IGNORE INTO Autores (Rut) VALUES (10000033);
INSERT IGNORE INTO Autores (Rut) VALUES (10000034);
INSERT IGNORE INTO Autores (Rut) VALUES (10000035);
INSERT IGNORE INTO Autores (Rut) VALUES (10000036);
INSERT IGNORE INTO Autores (Rut) VALUES (10000037);
INSERT IGNORE INTO Autores (Rut) VALUES (10000038);
INSERT IGNORE INTO Autores (Rut) VALUES (10000039);
INSERT IGNORE INTO Autores (Rut) VALUES (10000040);
INSERT IGNORE INTO Autores (Rut) VALUES (10000041);
INSERT IGNORE INTO Autores (Rut) VALUES (10000042);
INSERT IGNORE INTO Autores (Rut) VALUES (10000043);
INSERT IGNORE INTO Autores (Rut) VALUES (10000044);
INSERT IGNORE INTO Autores (Rut) VALUES (10000045);
INSERT IGNORE INTO Autores (Rut) VALUES (10000046);
INSERT IGNORE INTO Autores (Rut) VALUES (10000047);
INSERT IGNORE INTO Autores (Rut) VALUES (10000048);
INSERT IGNORE INTO Autores (Rut) VALUES (10000049);
INSERT IGNORE INTO Autores (Rut) VALUES (10000050);
INSERT IGNORE INTO Autores (Rut) VALUES (10000051);
INSERT IGNORE INTO Autores (Rut) VALUES (10000052);
INSERT IGNORE INTO Autores (Rut) VALUES (10000053);
INSERT IGNORE INTO Autores (Rut) VALUES (10000054);
INSERT IGNORE INTO Autores (Rut) VALUES (10000055);
INSERT IGNORE INTO Autores (Rut) VALUES (10000056);
INSERT IGNORE INTO Autores (Rut) VALUES (10000057);
INSERT IGNORE INTO Autores (Rut) VALUES (10000058);
INSERT IGNORE INTO Autores (Rut) VALUES (10000059);
INSERT IGNORE INTO Autores (Rut) VALUES (10000060);
INSERT IGNORE INTO Autores (Rut) VALUES (10000061);
INSERT IGNORE INTO Autores (Rut) VALUES (10000062);
INSERT IGNORE INTO Autores (Rut) VALUES (10000063);
INSERT IGNORE INTO Autores (Rut) VALUES (10000064);
INSERT IGNORE INTO Autores (Rut) VALUES (10000065);
INSERT IGNORE INTO Autores (Rut) VALUES (10000066);
INSERT IGNORE INTO Autores (Rut) VALUES (10000067);
INSERT IGNORE INTO Autores (Rut) VALUES (10000068);
INSERT IGNORE INTO Autores (Rut) VALUES (10000069);
INSERT IGNORE INTO Autores (Rut) VALUES (10000070);
INSERT IGNORE INTO Autores (Rut) VALUES (10000071);
INSERT IGNORE INTO Autores (Rut) VALUES (10000072);
INSERT IGNORE INTO Autores (Rut) VALUES (10000073);
INSERT IGNORE INTO Autores (Rut) VALUES (10000074);
INSERT IGNORE INTO Autores (Rut) VALUES (10000075);

INSERT IGNORE INTO AutorContacto (Rut, contacto) VALUES (10000000, 10000000);
INSERT IGNORE INTO AutorContacto (Rut, contacto) VALUES (10000002, 10000002);
INSERT IGNORE INTO AutorContacto (Rut, contacto) VALUES (10000003, 10000003);
INSERT IGNORE INTO AutorContacto (Rut, contacto) VALUES (10000004, 10000004);
INSERT IGNORE INTO AutorContacto (Rut, contacto) VALUES (10000006, 10000006);
INSERT IGNORE INTO AutorContacto (Rut, contacto) VALUES (10000008, 10000008);
INSERT IGNORE INTO AutorContacto (Rut, contacto) VALUES (10000010, 10000010);
INSERT IGNORE INTO AutorContacto (Rut, contacto) VALUES (10000011, 10000011);
INSERT IGNORE INTO AutorContacto (Rut, contacto) VALUES (10000013, 10000013);
INSERT IGNORE INTO AutorContacto (Rut, contacto) VALUES (10000014, 10000014);
INSERT IGNORE INTO AutorContacto (Rut, contacto) VALUES (10000015, 10000015);
INSERT IGNORE INTO AutorContacto (Rut, contacto) VALUES (10000016, 10000016);
INSERT IGNORE INTO AutorContacto (Rut, contacto) VALUES (10000018, 10000018);
INSERT IGNORE INTO AutorContacto (Rut, contacto) VALUES (10000019, 10000019);
INSERT IGNORE INTO AutorContacto (Rut, contacto) VALUES (10000020, 10000020);
INSERT IGNORE INTO AutorContacto (Rut, contacto) VALUES (10000022, 10000022);
INSERT IGNORE INTO AutorContacto (Rut, contacto) VALUES (10000023, 10000023);
INSERT IGNORE INTO AutorContacto (Rut, contacto) VALUES (10000025, 10000025);
INSERT IGNORE INTO AutorContacto (Rut, contacto) VALUES (10000026, 10000026);
INSERT IGNORE INTO AutorContacto (Rut, contacto) VALUES (10000028, 10000028);
INSERT IGNORE INTO AutorContacto (Rut, contacto) VALUES (10000030, 10000030);
INSERT IGNORE INTO AutorContacto (Rut, contacto) VALUES (10000031, 10000031);
INSERT IGNORE INTO AutorContacto (Rut, contacto) VALUES (10000033, 10000033);
INSERT IGNORE INTO AutorContacto (Rut, contacto) VALUES (10000035, 10000035);
INSERT IGNORE INTO AutorContacto (Rut, contacto) VALUES (10000037, 10000037);
INSERT IGNORE INTO AutorContacto (Rut, contacto) VALUES (10000039, 10000039);
INSERT IGNORE INTO AutorContacto (Rut, contacto) VALUES (10000040, 10000040);
INSERT IGNORE INTO AutorContacto (Rut, contacto) VALUES (10000041, 10000041);
INSERT IGNORE INTO AutorContacto (Rut, contacto) VALUES (10000043, 10000043);
INSERT IGNORE INTO AutorContacto (Rut, contacto) VALUES (10000045, 10000045);
INSERT IGNORE INTO AutorContacto (Rut, contacto) VALUES (10000047, 10000047);
INSERT IGNORE INTO AutorContacto (Rut, contacto) VALUES (10000048, 10000048);
INSERT IGNORE INTO AutorContacto (Rut, contacto) VALUES (10000049, 10000049);
INSERT IGNORE INTO AutorContacto (Rut, contacto) VALUES (10000051, 10000051);
INSERT IGNORE INTO AutorContacto (Rut, contacto) VALUES (10000052, 10000052);
INSERT IGNORE INTO AutorContacto (Rut, contacto) VALUES (10000053, 10000053);
INSERT IGNORE INTO AutorContacto (Rut, contacto) VALUES (10000054, 10000054);
INSERT IGNORE INTO AutorContacto (Rut, contacto) VALUES (10000056, 10000056);
INSERT IGNORE INTO AutorContacto (Rut, contacto) VALUES (10000058, 10000058);
INSERT IGNORE INTO AutorContacto (Rut, contacto) VALUES (10000059, 10000059);
INSERT IGNORE INTO AutorContacto (Rut, contacto) VALUES (10000061, 10000061);
INSERT IGNORE INTO AutorContacto (Rut, contacto) VALUES (10000063, 10000063);
INSERT IGNORE INTO AutorContacto (Rut, contacto) VALUES (10000064, 10000064);
INSERT IGNORE INTO AutorContacto (Rut, contacto) VALUES (10000066, 10000066);
INSERT IGNORE INTO AutorContacto (Rut, contacto) VALUES (10000068, 10000068);
INSERT IGNORE INTO AutorContacto (Rut, contacto) VALUES (10000069, 10000069);
INSERT IGNORE INTO AutorContacto (Rut, contacto) VALUES (10000070, 10000070);
INSERT IGNORE INTO AutorContacto (Rut, contacto) VALUES (10000071, 10000071);
INSERT IGNORE INTO AutorContacto (Rut, contacto) VALUES (10000073, 10000073);
INSERT IGNORE INTO AutorContacto (Rut, contacto) VALUES (10000075, 10000075);

INSERT IGNORE INTO Revisores (Rut) VALUES (20000000);
INSERT IGNORE INTO Revisores (Rut) VALUES (20000001);
INSERT IGNORE INTO Revisores (Rut) VALUES (20000002);
INSERT IGNORE INTO Revisores (Rut) VALUES (20000003);
INSERT IGNORE INTO Revisores (Rut) VALUES (20000004);
INSERT IGNORE INTO Revisores (Rut) VALUES (20000005);
INSERT IGNORE INTO Revisores (Rut) VALUES (20000006);
INSERT IGNORE INTO Revisores (Rut) VALUES (20000007);
INSERT IGNORE INTO Revisores (Rut) VALUES (20000008);
INSERT IGNORE INTO Revisores (Rut) VALUES (20000009);
INSERT IGNORE INTO Revisores (Rut) VALUES (20000010);
INSERT IGNORE INTO Revisores (Rut) VALUES (20000011);
INSERT IGNORE INTO Revisores (Rut) VALUES (20000012);
INSERT IGNORE INTO Revisores (Rut) VALUES (20000013);
INSERT IGNORE INTO Revisores (Rut) VALUES (20000014);
INSERT IGNORE INTO Revisores (Rut) VALUES (20000015);
INSERT IGNORE INTO Revisores (Rut) VALUES (20000016);
INSERT IGNORE INTO Revisores (Rut) VALUES (20000017);
INSERT IGNORE INTO Revisores (Rut) VALUES (20000018);
INSERT IGNORE INTO Revisores (Rut) VALUES (20000019);
INSERT IGNORE INTO Revisores (Rut) VALUES (20000020);
INSERT IGNORE INTO Revisores (Rut) VALUES (20000021);
INSERT IGNORE INTO Revisores (Rut) VALUES (20000022);
INSERT IGNORE INTO Revisores (Rut) VALUES (20000023);
INSERT IGNORE INTO Revisores (Rut) VALUES (20000024);
INSERT IGNORE INTO Revisores (Rut) VALUES (20000025);
INSERT IGNORE INTO Revisores (Rut) VALUES (20000026);
INSERT IGNORE INTO Revisores (Rut) VALUES (20000027);
INSERT IGNORE INTO Revisores (Rut) VALUES (20000028);
INSERT IGNORE INTO Revisores (Rut) VALUES (20000029);
INSERT IGNORE INTO Revisores (Rut) VALUES (20000030);
INSERT IGNORE INTO Revisores (Rut) VALUES (20000031);
INSERT IGNORE INTO Revisores (Rut) VALUES (20000032);
INSERT IGNORE INTO Revisores (Rut) VALUES (20000033);
INSERT IGNORE INTO Revisores (Rut) VALUES (20000034);
INSERT IGNORE INTO Revisores (Rut) VALUES (20000035);
INSERT IGNORE INTO Revisores (Rut) VALUES (20000036);
INSERT IGNORE INTO Revisores (Rut) VALUES (20000037);
INSERT IGNORE INTO Revisores (Rut) VALUES (20000038);
INSERT IGNORE INTO Revisores (Rut) VALUES (20000039);
INSERT IGNORE INTO Revisores (Rut) VALUES (20000040);
INSERT IGNORE INTO Revisores (Rut) VALUES (20000041);
INSERT IGNORE INTO Revisores (Rut) VALUES (20000042);
INSERT IGNORE INTO Revisores (Rut) VALUES (20000043);
INSERT IGNORE INTO Revisores (Rut) VALUES (20000044);
INSERT IGNORE INTO Revisores (Rut) VALUES (20000045);
INSERT IGNORE INTO Revisores (Rut) VALUES (20000046);
INSERT IGNORE INTO Revisores (Rut) VALUES (20000047);
INSERT IGNORE INTO Revisores (Rut) VALUES (20000048);
INSERT IGNORE INTO Revisores (Rut) VALUES (20000049);

INSERT IGNORE INTO RevisionArticulos (ID_Art, Rut) VALUES (1, 20000000);
INSERT IGNORE INTO RevisionArticulos (ID_Art, Rut) VALUES (2, 20000001);
INSERT IGNORE INTO RevisionArticulos (ID_Art, Rut) VALUES (3, 20000002);
INSERT IGNORE INTO RevisionArticulos (ID_Art, Rut) VALUES (4, 20000003);
INSERT IGNORE INTO RevisionArticulos (ID_Art, Rut) VALUES (5, 20000004);
INSERT IGNORE INTO RevisionArticulos (ID_Art, Rut) VALUES (6, 20000005);
INSERT IGNORE INTO RevisionArticulos (ID_Art, Rut) VALUES (7, 20000006);
INSERT IGNORE INTO RevisionArticulos (ID_Art, Rut) VALUES (8, 20000007);
INSERT IGNORE INTO RevisionArticulos (ID_Art, Rut) VALUES (9, 20000008);
INSERT IGNORE INTO RevisionArticulos (ID_Art, Rut) VALUES (10, 20000009);
INSERT IGNORE INTO RevisionArticulos (ID_Art, Rut) VALUES (11, 20000010);
INSERT IGNORE INTO RevisionArticulos (ID_Art, Rut) VALUES (12, 20000011);
INSERT IGNORE INTO RevisionArticulos (ID_Art, Rut) VALUES (13, 20000012);
INSERT IGNORE INTO RevisionArticulos (ID_Art, Rut) VALUES (14, 20000013);
INSERT IGNORE INTO RevisionArticulos (ID_Art, Rut) VALUES (15, 20000014);
INSERT IGNORE INTO RevisionArticulos (ID_Art, Rut) VALUES (16, 20000015);
INSERT IGNORE INTO RevisionArticulos (ID_Art, Rut) VALUES (17, 20000016);
INSERT IGNORE INTO RevisionArticulos (ID_Art, Rut) VALUES (18, 20000017);
INSERT IGNORE INTO RevisionArticulos (ID_Art, Rut) VALUES (19, 20000018);
INSERT IGNORE INTO RevisionArticulos (ID_Art, Rut) VALUES (20, 20000019);
INSERT IGNORE INTO RevisionArticulos (ID_Art, Rut) VALUES (21, 20000020);
INSERT IGNORE INTO RevisionArticulos (ID_Art, Rut) VALUES (22, 20000021);
INSERT IGNORE INTO RevisionArticulos (ID_Art, Rut) VALUES (23, 20000022);
INSERT IGNORE INTO RevisionArticulos (ID_Art, Rut) VALUES (24, 20000023);
INSERT IGNORE INTO RevisionArticulos (ID_Art, Rut) VALUES (25, 20000024);
INSERT IGNORE INTO RevisionArticulos (ID_Art, Rut) VALUES (26, 20000025);
INSERT IGNORE INTO RevisionArticulos (ID_Art, Rut) VALUES (27, 20000026);
INSERT IGNORE INTO RevisionArticulos (ID_Art, Rut) VALUES (28, 20000027);
INSERT IGNORE INTO RevisionArticulos (ID_Art, Rut) VALUES (29, 20000028);
INSERT IGNORE INTO RevisionArticulos (ID_Art, Rut) VALUES (30, 20000029);
INSERT IGNORE INTO RevisionArticulos (ID_Art, Rut) VALUES (31, 20000030);
INSERT IGNORE INTO RevisionArticulos (ID_Art, Rut) VALUES (32, 20000031);
INSERT IGNORE INTO RevisionArticulos (ID_Art, Rut) VALUES (33, 20000032);
INSERT IGNORE INTO RevisionArticulos (ID_Art, Rut) VALUES (34, 20000033);
INSERT IGNORE INTO RevisionArticulos (ID_Art, Rut) VALUES (35, 20000034);
INSERT IGNORE INTO RevisionArticulos (ID_Art, Rut) VALUES (36, 20000035);
INSERT IGNORE INTO RevisionArticulos (ID_Art, Rut) VALUES (37, 20000036);
INSERT IGNORE INTO RevisionArticulos (ID_Art, Rut) VALUES (38, 20000037);
INSERT IGNORE INTO RevisionArticulos (ID_Art, Rut) VALUES (39, 20000038);
INSERT IGNORE INTO RevisionArticulos (ID_Art, Rut) VALUES (40, 20000039);
INSERT IGNORE INTO RevisionArticulos (ID_Art, Rut) VALUES (41, 20000040);
INSERT IGNORE INTO RevisionArticulos (ID_Art, Rut) VALUES (42, 20000041);
INSERT IGNORE INTO RevisionArticulos (ID_Art, Rut) VALUES (43, 20000042);
INSERT IGNORE INTO RevisionArticulos (ID_Art, Rut) VALUES (44, 20000043);
INSERT IGNORE INTO RevisionArticulos (ID_Art, Rut) VALUES (45, 20000044);
INSERT IGNORE INTO RevisionArticulos (ID_Art, Rut) VALUES (46, 20000045);
INSERT IGNORE INTO RevisionArticulos (ID_Art, Rut) VALUES (47, 20000046);
INSERT IGNORE INTO RevisionArticulos (ID_Art, Rut) VALUES (48, 20000047);
INSERT IGNORE INTO RevisionArticulos (ID_Art, Rut) VALUES (49, 20000048);
INSERT IGNORE INTO RevisionArticulos (ID_Art, Rut) VALUES (50, 20000049);

INSERT IGNORE INTO Revisor_Topicos (Rut, ID_Topico_Especialidad) VALUES (20000000, 16);
INSERT IGNORE INTO Revisor_Topicos (Rut, ID_Topico_Especialidad) VALUES (20000001, 15);
INSERT IGNORE INTO Revisor_Topicos (Rut, ID_Topico_Especialidad) VALUES (20000002, 8);
INSERT IGNORE INTO Revisor_Topicos (Rut, ID_Topico_Especialidad) VALUES (20000003, 20);
INSERT IGNORE INTO Revisor_Topicos (Rut, ID_Topico_Especialidad) VALUES (20000004, 6);
INSERT IGNORE INTO Revisor_Topicos (Rut, ID_Topico_Especialidad) VALUES (20000005, 7);
INSERT IGNORE INTO Revisor_Topicos (Rut, ID_Topico_Especialidad) VALUES (20000006, 15);
INSERT IGNORE INTO Revisor_Topicos (Rut, ID_Topico_Especialidad) VALUES (20000007, 11);
INSERT IGNORE INTO Revisor_Topicos (Rut, ID_Topico_Especialidad) VALUES (20000008, 15);
INSERT IGNORE INTO Revisor_Topicos (Rut, ID_Topico_Especialidad) VALUES (20000009, 15);
INSERT IGNORE INTO Revisor_Topicos (Rut, ID_Topico_Especialidad) VALUES (20000010, 13);
INSERT IGNORE INTO Revisor_Topicos (Rut, ID_Topico_Especialidad) VALUES (20000011, 14);
INSERT IGNORE INTO Revisor_Topicos (Rut, ID_Topico_Especialidad) VALUES (20000012, 8);
INSERT IGNORE INTO Revisor_Topicos (Rut, ID_Topico_Especialidad) VALUES (20000013, 13);
INSERT IGNORE INTO Revisor_Topicos (Rut, ID_Topico_Especialidad) VALUES (20000014, 1);
INSERT IGNORE INTO Revisor_Topicos (Rut, ID_Topico_Especialidad) VALUES (20000015, 10);
INSERT IGNORE INTO Revisor_Topicos (Rut, ID_Topico_Especialidad) VALUES (20000016, 20);
INSERT IGNORE INTO Revisor_Topicos (Rut, ID_Topico_Especialidad) VALUES (20000017, 14);
INSERT IGNORE INTO Revisor_Topicos (Rut, ID_Topico_Especialidad) VALUES (20000018, 13);
INSERT IGNORE INTO Revisor_Topicos (Rut, ID_Topico_Especialidad) VALUES (20000019, 3);
INSERT IGNORE INTO Revisor_Topicos (Rut, ID_Topico_Especialidad) VALUES (20000020, 10);
INSERT IGNORE INTO Revisor_Topicos (Rut, ID_Topico_Especialidad) VALUES (20000021, 10);
INSERT IGNORE INTO Revisor_Topicos (Rut, ID_Topico_Especialidad) VALUES (20000022, 6);
INSERT IGNORE INTO Revisor_Topicos (Rut, ID_Topico_Especialidad) VALUES (20000023, 20);
INSERT IGNORE INTO Revisor_Topicos (Rut, ID_Topico_Especialidad) VALUES (20000024, 6);
INSERT IGNORE INTO Revisor_Topicos (Rut, ID_Topico_Especialidad) VALUES (20000025, 1);
INSERT IGNORE INTO Revisor_Topicos (Rut, ID_Topico_Especialidad) VALUES (20000026, 13);
INSERT IGNORE INTO Revisor_Topicos (Rut, ID_Topico_Especialidad) VALUES (20000027, 3);
INSERT IGNORE INTO Revisor_Topicos (Rut, ID_Topico_Especialidad) VALUES (20000028, 20);
INSERT IGNORE INTO Revisor_Topicos (Rut, ID_Topico_Especialidad) VALUES (20000029, 15);
INSERT IGNORE INTO Revisor_Topicos (Rut, ID_Topico_Especialidad) VALUES (20000030, 20);
INSERT IGNORE INTO Revisor_Topicos (Rut, ID_Topico_Especialidad) VALUES (20000031, 12);
INSERT IGNORE INTO Revisor_Topicos (Rut, ID_Topico_Especialidad) VALUES (20000032, 6);
INSERT IGNORE INTO Revisor_Topicos (Rut, ID_Topico_Especialidad) VALUES (20000033, 19);
INSERT IGNORE INTO Revisor_Topicos (Rut, ID_Topico_Especialidad) VALUES (20000034, 17);
INSERT IGNORE INTO Revisor_Topicos (Rut, ID_Topico_Especialidad) VALUES (20000035, 12);
INSERT IGNORE INTO Revisor_Topicos (Rut, ID_Topico_Especialidad) VALUES (20000036, 10);
INSERT IGNORE INTO Revisor_Topicos (Rut, ID_Topico_Especialidad) VALUES (20000037, 5);
INSERT IGNORE INTO Revisor_Topicos (Rut, ID_Topico_Especialidad) VALUES (20000038, 11);
INSERT IGNORE INTO Revisor_Topicos (Rut, ID_Topico_Especialidad) VALUES (20000039, 8);
INSERT IGNORE INTO Revisor_Topicos (Rut, ID_Topico_Especialidad) VALUES (20000041, 10);
INSERT IGNORE INTO Revisor_Topicos (Rut, ID_Topico_Especialidad) VALUES (20000042, 19);
INSERT IGNORE INTO Revisor_Topicos (Rut, ID_Topico_Especialidad) VALUES (20000043, 5);
INSERT IGNORE INTO Revisor_Topicos (Rut, ID_Topico_Especialidad) VALUES (20000044, 20);
INSERT IGNORE INTO Revisor_Topicos (Rut, ID_Topico_Especialidad) VALUES (20000045, 17);
INSERT IGNORE INTO Revisor_Topicos (Rut, ID_Topico_Especialidad) VALUES (20000046, 17);
INSERT IGNORE INTO Revisor_Topicos (Rut, ID_Topico_Especialidad) VALUES (20000047, 6);
INSERT IGNORE INTO Revisor_Topicos (Rut, ID_Topico_Especialidad) VALUES (20000048, 18);
INSERT IGNORE INTO Revisor_Topicos (Rut, ID_Topico_Especialidad) VALUES (20000049, 13);

INSERT IGNORE INTO TopicoEspecialidad (ID_topico_especialidad, topico_especialidad) VALUES
(1, 'IA'), (2, 'Big Data'), (3, 'Ciberseguridad'), (4, 'Redes'), (5, 'Software'),
(6, 'Embebidos'), (7, 'Gráfica'), (8, 'BD'), (9, 'Blockchain'), (10, 'Robótica'),
(11, 'RA'), (12, 'IoT'), (13, 'ML'), (14, 'Cuántica'), (15, 'Bioinfo'),
(16, 'Lenguajes'), (17, 'Conocimiento'), (18, 'Distribuidos'), (19, 'DevOps'), (20, 'Algoritmos');